source,target,weight
František Beneš,Josef Frk,5
František Beneš,Milan Smola,5
Josef Frk,František Beneš,5
Josef Frk,Milan Smola,5
Milan Smola,František Beneš,5
Milan Smola,Josef Frk,5
František Beneš,Jiøí Furbach,4
František Beneš,Miroslav Jeøábek,4
František Beneš,Ladislav Køíž,4
František Beneš,Václav Smíšek,4
Josef Blahovec,Jan Stanìk,4
Josef Frk,Jiøí Furbach,4
Josef Frk,Miroslav Jeøábek,4
Josef Frk,Ladislav Køíž,4
Josef Frk,Václav Smíšek,4
Jiøí Furbach,František Beneš,4
Jiøí Furbach,Josef Frk,4
Jiøí Furbach,Miroslav Jeøábek,4
Jiøí Furbach,Milan Smola,4
Miroslav Jeøábek,František Beneš,4
Miroslav Jeøábek,Josef Frk,4
Miroslav Jeøábek,Jiøí Furbach,4
Miroslav Jeøábek,Milan Smola,4
Ladislav Køíž,František Beneš,4
Ladislav Køíž,Josef Frk,4
Ladislav Køíž,Milan Smola,4
Václav Smíšek,František Beneš,4
Václav Smíšek,Josef Frk,4
Václav Smíšek,Milan Smola,4
Milan Smola,Jiøí Furbach,4
Milan Smola,Miroslav Jeøábek,4
Milan Smola,Ladislav Køíž,4
Milan Smola,Václav Smíšek,4
Jan Stanìk,Josef Blahovec,4
Josef Bednaøík,Jiøí Maroušek,3
Josef Bednaøík,Jana Slepièková,3
Josef Blahovec,Jiøí Maroušek,3
Josef Blahovec,Jana Slepièková,3
Helena Èumrová,Petra Hošková,3
Helena Èumrová,Irena Sládková,3
Karel Dolanský,Marcela Rolníková,3
Jiøí Furbach,Ladislav Køíž,3
Jiøí Furbach,Václav Smíšek,3
Petra Hošková,Helena Èumrová,3
Petra Hošková,Irena Sládková,3
Miroslav Jeøábek,Ladislav Køíž,3
Miroslav Jeøábek,Václav Smíšek,3
Vlastimil Koreš,Jana Slepièková,3
Ladislav Køíž,Jiøí Furbach,3
Ladislav Køíž,Miroslav Jeøábek,3
Ladislav Køíž,Václav Smíšek,3
Jiøí Maroušek,Josef Bednaøík,3
Jiøí Maroušek,Josef Blahovec,3
Jiøí Maroušek,Jana Slepièková,3
Jiøí Maroušek,Jan Stanìk,3
Jaroslav Mráz 1,Marcela Rolníková,3
Jiøí Mráz,Jana Svítivá,3
Marcela Rolníková,Karel Dolanský,3
Marcela Rolníková,Jaroslav Mráz 1,3
Irena Sládková,Helena Èumrová,3
Irena Sládková,Petra Hošková,3
Jana Slepièková,Josef Bednaøík,3
Jana Slepièková,Josef Blahovec,3
Jana Slepièková,Vlastimil Koreš,3
Jana Slepièková,Jiøí Maroušek,3
Jana Slepièková,Jan Stanìk,3
Václav Smíšek,Jiøí Furbach,3
Václav Smíšek,Miroslav Jeøábek,3
Václav Smíšek,Ladislav Køíž,3
Jan Stanìk,Jiøí Maroušek,3
Jan Stanìk,Jana Slepièková,3
Jana Svítivá,Jiøí Mráz,3
Jana Svítivá,Václav Štìtina,3
Václav Štìtina,Jana Svítivá,3
Josef Bednaøík,Josef Blahovec,2
Josef Bednaøík,Vlastimil Koreš,2
Josef Bednaøík,Jan Stanìk,2
František Beneš,Vladimír Martínek,2
František Beneš,Alois Stanìk,2
Josef Blahovec,Josef Bednaøík,2
Josef Blahovec,Oldøich Hamtil,2
Josef Blahovec,Vlastimil Koreš,2
Josef Blahovec,Jana Lukešová,2
Josef Blahovec,Jiøí Maršák,2
Josef Blahovec,Zdenìk Šleis,2
Josef Blahovec,Marie Taliánová,2
Josef Blahovec,Vladimír Zatloukal,2
Jaroslava Brabcová,Helena Èumrová,2
Jaroslava Brabcová,Renáta Fürbachová,2
Jaroslava Brabcová,Petra Hošková,2
Jaroslava Brabcová,Irena Sládková,2
Helena Èumrová,Jaroslava Brabcová,2
Helena Èumrová,Renáta Fürbachová,2
Helena Èumrová,Hana Hošková,2
Helena Èumrová,Zdena Houzimová,2
Helena Èumrová,Marie Jeøábková,2
Karel Dolanský,Václav Frnoch,2
Karel Dolanský,Miroslav Kotous,2
Karel Dolanský,Jaroslav Mráz 1,2
Karel Dolanský,Jarmila Vaòatová,2
Josef Frk,Vladimír Martínek,2
Josef Frk,Alois Stanìk,2
Pavel Frnoch,Jiøí Mráz,2
Pavel Frnoch,Josef Narovec,2
Pavel Frnoch,Silvie Pøílepková,2
Václav Frnoch,Karel Dolanský,2
Václav Frnoch,Miroslav Kotous,2
Václav Frnoch,Jaroslav Mráz 1,2
Václav Frnoch,Marcela Rolníková,2
Václav Frnoch,Jarmila Vaòatová,2
Jiøí Furbach,Vladimír Martínek,2
Jiøí Furbach,Alois Stanìk,2
Renáta Fürbachová,Jaroslava Brabcová,2
Renáta Fürbachová,Helena Èumrová,2
Renáta Fürbachová,Petra Hošková,2
Renáta Fürbachová,Irena Sládková,2
Oldøich Hamtil,Josef Blahovec,2
Oldøich Hamtil,Vlastimil Koreš,2
Oldøich Hamtil,Jana Slepièková,2
Oldøich Hamtil,Jan Stanìk,2
Oldøich Hamtil,Zdenìk Šleis,2
Silvie Havlátková,Ludmila Maroušková,2
Jaroslava Holeèková,Petra Lusková,2
Jaroslava Holeèková,Jaroslav Mráz 1,2
Jaroslava Holeèková,Helena Pøílepková,2
Jaroslava Holeèková,Marcela Rolníková,2
Jaroslava Holeèková,Jana Svítivá,2
Hana Hošková,Helena Èumrová,2
Hana Hošková,Petra Hošková,2
Hana Hošková,Zdena Houzimová,2
Hana Hošková,Marie Jeøábková,2
Hana Hošková,Irena Sládková,2
Petra Hošková,Jaroslava Brabcová,2
Petra Hošková,Renáta Fürbachová,2
Petra Hošková,Hana Hošková,2
Petra Hošková,Zdena Houzimová,2
Petra Hošková,Marie Jeøábková,2
Jan Houzim,Petr Jirotka,2
Jan Houzim,Jiøí Liška,2
Jan Houzim,Jiøí Mráz,2
Jan Houzim,Vladimír Zatloukal,2
Zdena Houzimová,Helena Èumrová,2
Zdena Houzimová,Hana Hošková,2
Zdena Houzimová,Petra Hošková,2
Zdena Houzimová,Marie Jeøábková,2
Zdena Houzimová,Irena Sládková,2
Miroslav Jeøábek,Vladimír Martínek,2
Miroslav Jeøábek,Alois Stanìk,2
Marie Jeøábková,Helena Èumrová,2
Marie Jeøábková,Hana Hošková,2
Marie Jeøábková,Petra Hošková,2
Marie Jeøábková,Zdena Houzimová,2
Marie Jeøábková,Irena Sládková,2
Petr Jirotka,Jan Houzim,2
Petr Jirotka,Jiøí Mráz,2
Vlastimil Koreš,Josef Bednaøík,2
Vlastimil Koreš,Josef Blahovec,2
Vlastimil Koreš,Oldøich Hamtil,2
Vlastimil Koreš,Jiøí Maroušek,2
Vlastimil Koreš,Jan Stanìk,2
Vlastimil Koreš,Zdenìk Šleis,2
Miroslav Kotous,Karel Dolanský,2
Miroslav Kotous,Václav Frnoch,2
Miroslav Kotous,Jaroslav Mráz 1,2
Miroslav Kotous,Marcela Rolníková,2
Miroslav Kotous,Jarmila Vaòatová,2
Jiøí Liška,Jan Houzim,2
Jiøí Liška,Marcela Rolníková,2
Jiøí Liška,Jana Svítivá,2
Jiøí Liška,Václav Štìtina,2
Jana Lukešová,Josef Blahovec,2
Jana Lukešová,Jan Stanìk,2
Petra Lusková,Jaroslava Holeèková,2
Petra Lusková,Helena Pøílepková,2
Petra Lusková,Jana Svítivá,2
Jiøí Maroušek,Vlastimil Koreš,2
Jiøí Maroušek,Jiøí Maršák,2
Jiøí Maroušek,Marie Taliánová,2
Ludmila Maroušková,Silvie Havlátková,2
Jiøí Maršák,Josef Blahovec,2
Jiøí Maršák,Jiøí Maroušek,2
Jiøí Maršák,Jan Stanìk,2
Vladimír Martínek,František Beneš,2
Vladimír Martínek,Josef Frk,2
Vladimír Martínek,Jiøí Furbach,2
Vladimír Martínek,Miroslav Jeøábek,2
Vladimír Martínek,Václav Smíšek,2
Vladimír Martínek,Milan Smola,2
Jaroslav Mráz 1,Karel Dolanský,2
Jaroslav Mráz 1,Václav Frnoch,2
Jaroslav Mráz 1,Jaroslava Holeèková,2
Jaroslav Mráz 1,Miroslav Kotous,2
Jaroslav Mráz 1,Jana Svítivá,2
Jaroslav Mráz 1,Jarmila Vaòatová,2
Jiøí Mráz,Pavel Frnoch,2
Jiøí Mráz,Jan Houzim,2
Jiøí Mráz,Petr Jirotka,2
Jiøí Mráz,Josef Narovec,2
Jiøí Mráz,Silvie Pøílepková,2
Jiøí Mráz,Václav Štìtina,2
Josef Narovec,Pavel Frnoch,2
Josef Narovec,Jiøí Mráz,2
Josef Narovec,Silvie Pøílepková,2
Helena Pøílepková,Jaroslava Holeèková,2
Helena Pøílepková,Petra Lusková,2
Helena Pøílepková,Jana Svítivá,2
Silvie Pøílepková,Pavel Frnoch,2
Silvie Pøílepková,Jiøí Mráz,2
Silvie Pøílepková,Josef Narovec,2
Marcela Rolníková,Václav Frnoch,2
Marcela Rolníková,Jaroslava Holeèková,2
Marcela Rolníková,Miroslav Kotous,2
Marcela Rolníková,Jiøí Liška,2
Marcela Rolníková,Jana Svítivá,2
Marcela Rolníková,Jarmila Vaòatová,2
Irena Sládková,Jaroslava Brabcová,2
Irena Sládková,Renáta Fürbachová,2
Irena Sládková,Hana Hošková,2
Irena Sládková,Zdena Houzimová,2
Irena Sládková,Marie Jeøábková,2
Jana Slepièková,Oldøich Hamtil,2
Jana Slepièková,Zdenìk Šleis,2
Václav Smíšek,Vladimír Martínek,2
Václav Smíšek,Alois Stanìk,2
Milan Smola,Vladimír Martínek,2
Milan Smola,Alois Stanìk,2
Alois Stanìk,František Beneš,2
Alois Stanìk,Josef Frk,2
Alois Stanìk,Jiøí Furbach,2
Alois Stanìk,Miroslav Jeøábek,2
Alois Stanìk,Václav Smíšek,2
Alois Stanìk,Milan Smola,2
Jan Stanìk,Josef Bednaøík,2
Jan Stanìk,Oldøich Hamtil,2
Jan Stanìk,Vlastimil Koreš,2
Jan Stanìk,Jana Lukešová,2
Jan Stanìk,Jiøí Maršák,2
Jan Stanìk,Zdenìk Šleis,2
Jan Stanìk,Marie Taliánová,2
Jana Svítivá,Jaroslava Holeèková,2
Jana Svítivá,Jiøí Liška,2
Jana Svítivá,Petra Lusková,2
Jana Svítivá,Jaroslav Mráz 1,2
Jana Svítivá,Helena Pøílepková,2
Jana Svítivá,Marcela Rolníková,2
Zdenìk Šleis,Josef Blahovec,2
Zdenìk Šleis,Oldøich Hamtil,2
Zdenìk Šleis,Vlastimil Koreš,2
Zdenìk Šleis,Jana Slepièková,2
Zdenìk Šleis,Jan Stanìk,2
Václav Štìtina,Jiøí Liška,2
Václav Štìtina,Jiøí Mráz,2
Marie Taliánová,Josef Blahovec,2
Marie Taliánová,Jiøí Maroušek,2
Marie Taliánová,Jan Stanìk,2
Jarmila Vaòatová,Karel Dolanský,2
Jarmila Vaòatová,Václav Frnoch,2
Jarmila Vaòatová,Miroslav Kotous,2
Jarmila Vaòatová,Jaroslav Mráz 1,2
Jarmila Vaòatová,Marcela Rolníková,2
Vladimír Zatloukal,Josef Blahovec,2
Vladimír Zatloukal,Jan Houzim,2
Josef Bednaøík,Dana Bednaøíková,1
Josef Bednaøík,Jan Franc,1
Josef Bednaøík,Oldøich Hamtil,1
Josef Bednaøík,Jakub Komrska,1
Josef Bednaøík,Miroslav Kotous,1
Josef Bednaøík,Jiøí Kováø,1
Josef Bednaøík,Zdeòka Kùsová,1
Josef Bednaøík,Jiøí Maršák,1
Josef Bednaøík,Jana Mindlová,1
Josef Bednaøík,Zdenìk Šleis,1
Josef Bednaøík,Marie Taliánová,1
Josef Bednaøík,Vladimír Zatloukal,1
Dana Bednaøíková,Josef Bednaøík,1
Dana Bednaøíková,Jan Franc,1
Dana Bednaøíková,Jakub Komrska,1
Dana Bednaøíková,Vlastimil Koreš,1
Dana Bednaøíková,Zdeòka Kùsová,1
Dana Bednaøíková,Jiøí Maroušek,1
Dana Bednaøíková,Jana Mindlová,1
Dana Bednaøíková,Jana Slepièková,1
František Beneš,Jindøich Hrabák,1
František Beneš,Jan Lazar,1
František Beneš,Gabriela Smolová,1
Josef Blahovec,Jana Dejmková,1
Josef Blahovec,Karel Dolanský,1
Josef Blahovec,Hubert Faber,1
Josef Blahovec,Marie Frnochová,1
Josef Blahovec,Jan Houzim,1
Josef Blahovec,Milada Kochtová,1
Josef Blahovec,Dana Kolafová,1
Josef Blahovec,Miroslav Kotous,1
Josef Blahovec,Jiøí Kováø,1
Josef Blahovec,Jiøí Liška,1
Josef Blahovec,Jaromír Louda,1
Josef Blahovec,Jiøí Pilný,1
Josef Blahovec,Miloslava Pravdová,1
Josef Blahovec,Marcela Rolníková,1
Jaroslava Brabcová,Kateøina Èumrová,1
Jaroslava Brabcová,Pavel Frnoch,1
Jaroslava Brabcová,Hana Hošková,1
Jaroslava Brabcová,Zdena Houzimová,1
Jaroslava Brabcová,Marie Jeøábková,1
Jaroslava Brabcová,Jindøich Jindøich,1
Jaroslava Brabcová,Zdeòka Kotousová,1
Jaroslava Brabcová,Jana Mottlová,1
Jaroslava Brabcová,Jaroslav Mráz 2,1
Jaroslava Brabcová,Jiøí Mráz,1
Jaroslava Brabcová,Josef Narovec,1
Jaroslava Brabcová,Silvie Pøílepková,1
Jaroslava Brabcová,Yveta Sládková,1
Jaroslava Brabcová,Jana Smíšková,1
Jaroslava Brabcová,Jana Svítivá,1
Jaroslava Brabcová,Václav Štìtina,1
Jaroslava Brabcová,Marek Švehla,1
Helena Èumrová,Kateøina Èumrová,1
Helena Èumrová,Vìra Faberová,1
Helena Èumrová,Pavel Frnoch,1
Helena Èumrová,Jindøich Jindøich,1
Helena Èumrová,Zdeòka Kotousová,1
Helena Èumrová,Jana Mottlová,1
Helena Èumrová,Jaroslav Mráz 2,1
Helena Èumrová,Jiøí Mráz,1
Helena Èumrová,Josef Narovec,1
Helena Èumrová,Silvie Pøílepková,1
Helena Èumrová,Yveta Sládková,1
Helena Èumrová,Jana Smíšková,1
Helena Èumrová,Jana Svítivá,1
Helena Èumrová,Alena Škopková,1
Helena Èumrová,Václav Štìtina,1
Helena Èumrová,Marek Švehla,1
Helena Èumrová,Gertruda Ungerová,1
Kateøina Èumrová,Jaroslava Brabcová,1
Kateøina Èumrová,Helena Èumrová,1
Kateøina Èumrová,Renáta Fürbachová,1
Kateøina Èumrová,Petra Hošková,1
Kateøina Èumrová,Zdeòka Kotousová,1
Kateøina Èumrová,Irena Sládková,1
Kateøina Èumrová,Yveta Sládková,1
Kateøina Èumrová,Jana Smíšková,1
Václav Dejmek,Iveta Frková,1
Václav Dejmek,Lenka Frnochová,1
Václav Dejmek,Silvie Havlátková,1
Václav Dejmek,Tomáš Kohlberger,1
Václav Dejmek,Ludmila Maroušková,1
Václav Dejmek,Jaroslav Neužil,1
Václav Dejmek,Jiøí Tadeáš Pelech,1
Václav Dejmek,Hana Svítivá,1
Jana Dejmková,Josef Blahovec,1
Jana Dejmková,Hubert Faber,1
Jana Dejmková,Jana Lukešová,1
Jana Dejmková,Jiøí Maroušek,1
Jana Dejmková,Jiøí Maršák,1
Jana Dejmková,Jiøí Pilný,1
Jana Dejmková,Jan Stanìk,1
Jana Dejmková,Marie Taliánová,1
Karel Dolanský,Josef Blahovec,1
Karel Dolanský,Jaroslav Frk,1
Karel Dolanský,Marie Frnochová,1
Karel Dolanský,Jaroslava Holeèková,1
Karel Dolanský,Jan Houzim,1
Karel Dolanský,Dana Kolafová,1
Karel Dolanský,Jiøí Krajánek,1
Karel Dolanský,František Kunc,1
Karel Dolanský,Jiøí Liška,1
Karel Dolanský,Petr Lusk,1
Karel Dolanský,Miloslava Pravdová,1
Karel Dolanský,Jana Svítivá,1
Karel Dolanský,Vladimír Zatloukal,1
Hubert Faber,Josef Blahovec,1
Hubert Faber,Jana Dejmková,1
Hubert Faber,Jana Lukešová,1
Hubert Faber,Jiøí Maroušek,1
Hubert Faber,Jiøí Maršák,1
Hubert Faber,Jiøí Pilný,1
Hubert Faber,Jan Stanìk,1
Hubert Faber,Marie Taliánová,1
Vìra Faberová,Helena Èumrová,1
Vìra Faberová,Hana Hošková,1
Vìra Faberová,Petra Hošková,1
Vìra Faberová,Zdena Houzimová,1
Vìra Faberová,Marie Jeøábková,1
Vìra Faberová,Irena Sládková,1
Vìra Faberová,Alena Škopková,1
Vìra Faberová,Gertruda Ungerová,1
Jan Franc,Josef Bednaøík,1
Jan Franc,Dana Bednaøíková,1
Jan Franc,Jakub Komrska,1
Jan Franc,Vlastimil Koreš,1
Jan Franc,Zdeòka Kùsová,1
Jan Franc,Jiøí Maroušek,1
Jan Franc,Jana Mindlová,1
Jan Franc,Jana Slepièková,1
Jaroslav Frk,Karel Dolanský,1
Jaroslav Frk,Václav Frnoch,1
Jaroslav Frk,Miroslav Kotous,1
Jaroslav Frk,František Kunc,1
Jaroslav Frk,Jaroslav Mráz 1,1
Jaroslav Frk,Marcela Rolníková,1
Jaroslav Frk,Jana Svítivá,1
Jaroslav Frk,Jarmila Vaòatová,1
Josef Frk,Jindøich Hrabák,1
Josef Frk,Jan Lazar,1
Josef Frk,Gabriela Smolová,1
Iveta Frková,Václav Dejmek,1
Iveta Frková,Lenka Frnochová,1
Iveta Frková,Silvie Havlátková,1
Iveta Frková,Tomáš Kohlberger,1
Iveta Frková,Ludmila Maroušková,1
Iveta Frková,Jaroslav Neužil,1
Iveta Frková,Jiøí Tadeáš Pelech,1
Iveta Frková,Hana Svítivá,1
Pavel Frnoch,Jaroslava Brabcová,1
Pavel Frnoch,Helena Èumrová,1
Pavel Frnoch,Renáta Fürbachová,1
Pavel Frnoch,Hana Hošková,1
Pavel Frnoch,Petra Hošková,1
Pavel Frnoch,Jan Houzim,1
Pavel Frnoch,Zdena Houzimová,1
Pavel Frnoch,Marie Jeøábková,1
Pavel Frnoch,Jindøich Jindøich,1
Pavel Frnoch,Petr Jirotka,1
Pavel Frnoch,Jan Kolafa,1
Pavel Frnoch,Jiøí Krajánek,1
Pavel Frnoch,Jana Mottlová,1
Pavel Frnoch,Jaroslav Mráz 2,1
Pavel Frnoch,Irena Sládková,1
Pavel Frnoch,Jana Svítivá,1
Pavel Frnoch,Václav Štìtina,1
Pavel Frnoch,Marek Švehla,1
Pavel Frnoch,Vladimír Zatloukal,1
Václav Frnoch,Jaroslav Frk,1
Václav Frnoch,Jaroslava Holeèková,1
Václav Frnoch,Jiøí Krajánek,1
Václav Frnoch,František Kunc,1
Václav Frnoch,Petr Lusk,1
Václav Frnoch,Jana Svítivá,1
Lenka Frnochová,Václav Dejmek,1
Lenka Frnochová,Iveta Frková,1
Lenka Frnochová,Silvie Havlátková,1
Lenka Frnochová,Tomáš Kohlberger,1
Lenka Frnochová,Ludmila Maroušková,1
Lenka Frnochová,Jaroslav Neužil,1
Lenka Frnochová,Jiøí Tadeáš Pelech,1
Lenka Frnochová,Hana Svítivá,1
Marie Frnochová,Josef Blahovec,1
Marie Frnochová,Karel Dolanský,1
Marie Frnochová,Jan Houzim,1
Marie Frnochová,Dana Kolafová,1
Marie Frnochová,Jiøí Liška,1
Marie Frnochová,Miloslava Pravdová,1
Marie Frnochová,Marcela Rolníková,1
Marie Frnochová,Vladimír Zatloukal,1
Jiøí Furbach,Jindøich Hrabák,1
Jiøí Furbach,Jan Lazar,1
Jiøí Furbach,Gabriela Smolová,1
Renáta Fürbachová,Kateøina Èumrová,1
Renáta Fürbachová,Pavel Frnoch,1
Renáta Fürbachová,Hana Hošková,1
Renáta Fürbachová,Zdena Houzimová,1
Renáta Fürbachová,Marie Jeøábková,1
Renáta Fürbachová,Jindøich Jindøich,1
Renáta Fürbachová,Zdeòka Kotousová,1
Renáta Fürbachová,Jana Mottlová,1
Renáta Fürbachová,Jaroslav Mráz 2,1
Renáta Fürbachová,Jiøí Mráz,1
Renáta Fürbachová,Josef Narovec,1
Renáta Fürbachová,Silvie Pøílepková,1
Renáta Fürbachová,Yveta Sládková,1
Renáta Fürbachová,Jana Smíšková,1
Renáta Fürbachová,Jana Svítivá,1
Renáta Fürbachová,Václav Štìtina,1
Renáta Fürbachová,Marek Švehla,1
Štìpán Hais,Jaroslava Holeèková,1
Štìpán Hais,Petra Lusková,1
Štìpán Hais,Jiøí Mráz,1
Štìpán Hais,Lenka Mrázová,1
Štìpán Hais,Helena Pøílepková,1
Štìpán Hais,Jana Svítivá,1
Štìpán Hais,Martina Šleisová,1
Štìpán Hais,Oto Švehla,1
Oldøich Hamtil,Josef Bednaøík,1
Oldøich Hamtil,Milada Kochtová,1
Oldøich Hamtil,Jaromír Louda,1
Oldøich Hamtil,Jana Lukešová,1
Oldøich Hamtil,Jiøí Maroušek,1
Oldøich Hamtil,Marie Taliánová,1
Silvie Havlátková,Václav Dejmek,1
Silvie Havlátková,Iveta Frková,1
Silvie Havlátková,Lenka Frnochová,1
Silvie Havlátková,Jan Houzim,1
Silvie Havlátková,Petr Jirotka,1
Silvie Havlátková,Tomáš Kohlberger,1
Silvie Havlátková,Jiøí Liška,1
Silvie Havlátková,Jiøí Mráz,1
Silvie Havlátková,Jaroslav Neužil,1
Silvie Havlátková,Jiøí Tadeáš Pelech,1
Silvie Havlátková,Hana Svítivá,1
Silvie Havlátková,Jana Svítivá,1
Silvie Havlátková,Luboš Šrámek,1
Silvie Havlátková,Václav Štìtina,1
Jaroslava Holeèková,Karel Dolanský,1
Jaroslava Holeèková,Václav Frnoch,1
Jaroslava Holeèková,Štìpán Hais,1
Jaroslava Holeèková,Miroslav Kotous,1
Jaroslava Holeèková,Jiøí Krajánek,1
Jaroslava Holeèková,Jiøí Liška,1
Jaroslava Holeèková,Petr Lusk,1
Jaroslava Holeèková,Jiøí Mráz,1
Jaroslava Holeèková,Lenka Mrázová,1
Jaroslava Holeèková,Petra Mrázová,1
Jaroslava Holeèková,Martina Šleisová,1
Jaroslava Holeèková,Václav Štìtina,1
Jaroslava Holeèková,Oto Švehla,1
Jaroslava Holeèková,Jarmila Vaòatová,1
Hana Hošková,Jaroslava Brabcová,1
Hana Hošková,Vìra Faberová,1
Hana Hošková,Pavel Frnoch,1
Hana Hošková,Renáta Fürbachová,1
Hana Hošková,Jindøich Jindøich,1
Hana Hošková,Jana Mottlová,1
Hana Hošková,Jaroslav Mráz 2,1
Hana Hošková,Jiøí Mráz,1
Hana Hošková,Josef Narovec,1
Hana Hošková,Silvie Pøílepková,1
Hana Hošková,Jana Svítivá,1
Hana Hošková,Alena Škopková,1
Hana Hošková,Václav Štìtina,1
Hana Hošková,Marek Švehla,1
Hana Hošková,Gertruda Ungerová,1
Petra Hošková,Kateøina Èumrová,1
Petra Hošková,Vìra Faberová,1
Petra Hošková,Pavel Frnoch,1
Petra Hošková,Jindøich Jindøich,1
Petra Hošková,Zdeòka Kotousová,1
Petra Hošková,Jana Mottlová,1
Petra Hošková,Jaroslav Mráz 2,1
Petra Hošková,Jiøí Mráz,1
Petra Hošková,Josef Narovec,1
Petra Hošková,Silvie Pøílepková,1
Petra Hošková,Yveta Sládková,1
Petra Hošková,Jana Smíšková,1
Petra Hošková,Jana Svítivá,1
Petra Hošková,Alena Škopková,1
Petra Hošková,Václav Štìtina,1
Petra Hošková,Marek Švehla,1
Petra Hošková,Gertruda Ungerová,1
Jan Houzim,Josef Blahovec,1
Jan Houzim,Karel Dolanský,1
Jan Houzim,Pavel Frnoch,1
Jan Houzim,Marie Frnochová,1
Jan Houzim,Silvie Havlátková,1
Jan Houzim,Jan Kolafa,1
Jan Houzim,Dana Kolafová,1
Jan Houzim,Jiøí Krajánek,1
Jan Houzim,Ludmila Maroušková,1
Jan Houzim,Josef Narovec,1
Jan Houzim,Miloslava Pravdová,1
Jan Houzim,Silvie Pøílepková,1
Jan Houzim,Marcela Rolníková,1
Jan Houzim,Jana Svítivá,1
Jan Houzim,Luboš Šrámek,1
Jan Houzim,Václav Štìtina,1
Zdena Houzimová,Jaroslava Brabcová,1
Zdena Houzimová,Vìra Faberová,1
Zdena Houzimová,Pavel Frnoch,1
Zdena Houzimová,Renáta Fürbachová,1
Zdena Houzimová,Jindøich Jindøich,1
Zdena Houzimová,Jana Mottlová,1
Zdena Houzimová,Jaroslav Mráz 2,1
Zdena Houzimová,Jiøí Mráz,1
Zdena Houzimová,Josef Narovec,1
Zdena Houzimová,Silvie Pøílepková,1
Zdena Houzimová,Jana Svítivá,1
Zdena Houzimová,Alena Škopková,1
Zdena Houzimová,Václav Štìtina,1
Zdena Houzimová,Marek Švehla,1
Zdena Houzimová,Gertruda Ungerová,1
Jindøich Hrabák,František Beneš,1
Jindøich Hrabák,Josef Frk,1
Jindøich Hrabák,Jiøí Furbach,1
Jindøich Hrabák,Miroslav Jeøábek,1
Jindøich Hrabák,Ladislav Køíž,1
Jindøich Hrabák,Václav Smíšek,1
Jindøich Hrabák,Milan Smola,1
Jindøich Hrabák,Alois Stanìk,1
Miroslav Jeøábek,Jindøich Hrabák,1
Miroslav Jeøábek,Jan Lazar,1
Miroslav Jeøábek,Gabriela Smolová,1
Marie Jeøábková,Jaroslava Brabcová,1
Marie Jeøábková,Vìra Faberová,1
Marie Jeøábková,Pavel Frnoch,1
Marie Jeøábková,Renáta Fürbachová,1
Marie Jeøábková,Jindøich Jindøich,1
Marie Jeøábková,Jana Mottlová,1
Marie Jeøábková,Jaroslav Mráz 2,1
Marie Jeøábková,Jiøí Mráz,1
Marie Jeøábková,Josef Narovec,1
Marie Jeøábková,Silvie Pøílepková,1
Marie Jeøábková,Jana Svítivá,1
Marie Jeøábková,Alena Škopková,1
Marie Jeøábková,Václav Štìtina,1
Marie Jeøábková,Marek Švehla,1
Marie Jeøábková,Gertruda Ungerová,1
Jindøich Jindøich,Jaroslava Brabcová,1
Jindøich Jindøich,Helena Èumrová,1
Jindøich Jindøich,Pavel Frnoch,1
Jindøich Jindøich,Renáta Fürbachová,1
Jindøich Jindøich,Hana Hošková,1
Jindøich Jindøich,Petra Hošková,1
Jindøich Jindøich,Zdena Houzimová,1
Jindøich Jindøich,Marie Jeøábková,1
Jindøich Jindøich,Jana Mottlová,1
Jindøich Jindøich,Jaroslav Mráz 2,1
Jindøich Jindøich,Jiøí Mráz,1
Jindøich Jindøich,Josef Narovec,1
Jindøich Jindøich,Silvie Pøílepková,1
Jindøich Jindøich,Irena Sládková,1
Jindøich Jindøich,Jana Svítivá,1
Jindøich Jindøich,Václav Štìtina,1
Jindøich Jindøich,Marek Švehla,1
Petr Jirotka,Pavel Frnoch,1
Petr Jirotka,Silvie Havlátková,1
Petr Jirotka,Jan Kolafa,1
Petr Jirotka,Jiøí Krajánek,1
Petr Jirotka,Jiøí Liška,1
Petr Jirotka,Ludmila Maroušková,1
Petr Jirotka,Josef Narovec,1
Petr Jirotka,Silvie Pøílepková,1
Petr Jirotka,Jana Svítivá,1
Petr Jirotka,Luboš Šrámek,1
Petr Jirotka,Václav Štìtina,1
Petr Jirotka,Vladimír Zatloukal,1
Tomáš Kohlberger,Václav Dejmek,1
Tomáš Kohlberger,Iveta Frková,1
Tomáš Kohlberger,Lenka Frnochová,1
Tomáš Kohlberger,Silvie Havlátková,1
Tomáš Kohlberger,Ludmila Maroušková,1
Tomáš Kohlberger,Jaroslav Neužil,1
Tomáš Kohlberger,Jiøí Tadeáš Pelech,1
Tomáš Kohlberger,Hana Svítivá,1
Milada Kochtová,Josef Blahovec,1
Milada Kochtová,Oldøich Hamtil,1
Milada Kochtová,Vlastimil Koreš,1
Milada Kochtová,Jaromír Louda,1
Milada Kochtová,Jana Lukešová,1
Milada Kochtová,Jana Slepièková,1
Milada Kochtová,Jan Stanìk,1
Milada Kochtová,Zdenìk Šleis,1
Jan Kolafa,Pavel Frnoch,1
Jan Kolafa,Jan Houzim,1
Jan Kolafa,Petr Jirotka,1
Jan Kolafa,Jiøí Krajánek,1
Jan Kolafa,Jiøí Mráz,1
Jan Kolafa,Josef Narovec,1
Jan Kolafa,Silvie Pøílepková,1
Jan Kolafa,Vladimír Zatloukal,1
Dana Kolafová,Josef Blahovec,1
Dana Kolafová,Karel Dolanský,1
Dana Kolafová,Marie Frnochová,1
Dana Kolafová,Jan Houzim,1
Dana Kolafová,Jiøí Liška,1
Dana Kolafová,Miloslava Pravdová,1
Dana Kolafová,Marcela Rolníková,1
Dana Kolafová,Vladimír Zatloukal,1
Jakub Komrska,Josef Bednaøík,1
Jakub Komrska,Dana Bednaøíková,1
Jakub Komrska,Jan Franc,1
Jakub Komrska,Vlastimil Koreš,1
Jakub Komrska,Zdeòka Kùsová,1
Jakub Komrska,Jiøí Maroušek,1
Jakub Komrska,Jana Mindlová,1
Jakub Komrska,Jana Slepièková,1
Vlastimil Koreš,Dana Bednaøíková,1
Vlastimil Koreš,Jan Franc,1
Vlastimil Koreš,Milada Kochtová,1
Vlastimil Koreš,Jakub Komrska,1
Vlastimil Koreš,Zdeòka Kùsová,1
Vlastimil Koreš,Jaromír Louda,1
Vlastimil Koreš,Jana Lukešová,1
Vlastimil Koreš,Jana Mindlová,1
Vlastimil Koreš,Marie Taliánová,1
Miroslav Kotous,Josef Bednaøík,1
Miroslav Kotous,Josef Blahovec,1
Miroslav Kotous,Jaroslav Frk,1
Miroslav Kotous,Jaroslava Holeèková,1
Miroslav Kotous,Jiøí Kováø,1
Miroslav Kotous,Jiøí Krajánek,1
Miroslav Kotous,František Kunc,1
Miroslav Kotous,Petr Lusk,1
Miroslav Kotous,Jiøí Maroušek,1
Miroslav Kotous,Jiøí Maršák,1
Miroslav Kotous,Jana Slepièková,1
Miroslav Kotous,Jan Stanìk,1
Miroslav Kotous,Jana Svítivá,1
Miroslav Kotous,Vladimír Zatloukal,1
Zdeòka Kotousová,Jaroslava Brabcová,1
Zdeòka Kotousová,Helena Èumrová,1
Zdeòka Kotousová,Kateøina Èumrová,1
Zdeòka Kotousová,Renáta Fürbachová,1
Zdeòka Kotousová,Petra Hošková,1
Zdeòka Kotousová,Irena Sládková,1
Zdeòka Kotousová,Yveta Sládková,1
Zdeòka Kotousová,Jana Smíšková,1
Jiøí Kováø,Josef Bednaøík,1
Jiøí Kováø,Josef Blahovec,1
Jiøí Kováø,Miroslav Kotous,1
Jiøí Kováø,Jiøí Maroušek,1
Jiøí Kováø,Jiøí Maršák,1
Jiøí Kováø,Jana Slepièková,1
Jiøí Kováø,Jan Stanìk,1
Jiøí Kováø,Vladimír Zatloukal,1
Jiøí Krajánek,Karel Dolanský,1
Jiøí Krajánek,Pavel Frnoch,1
Jiøí Krajánek,Václav Frnoch,1
Jiøí Krajánek,Jaroslava Holeèková,1
Jiøí Krajánek,Jan Houzim,1
Jiøí Krajánek,Petr Jirotka,1
Jiøí Krajánek,Jan Kolafa,1
Jiøí Krajánek,Miroslav Kotous,1
Jiøí Krajánek,Petr Lusk,1
Jiøí Krajánek,Jaroslav Mráz 1,1
Jiøí Krajánek,Jiøí Mráz,1
Jiøí Krajánek,Josef Narovec,1
Jiøí Krajánek,Silvie Pøílepková,1
Jiøí Krajánek,Marcela Rolníková,1
Jiøí Krajánek,Jarmila Vaòatová,1
Jiøí Krajánek,Vladimír Zatloukal,1
Ladislav Køíž,Jindøich Hrabák,1
Ladislav Køíž,Vladimír Martínek,1
Ladislav Køíž,Gabriela Smolová,1
Ladislav Køíž,Alois Stanìk,1
František Kunc,Karel Dolanský,1
František Kunc,Jaroslav Frk,1
František Kunc,Václav Frnoch,1
František Kunc,Miroslav Kotous,1
František Kunc,Jaroslav Mráz 1,1
František Kunc,Marcela Rolníková,1
František Kunc,Jana Svítivá,1
František Kunc,Jarmila Vaòatová,1
Zdeòka Kùsová,Josef Bednaøík,1
Zdeòka Kùsová,Dana Bednaøíková,1
Zdeòka Kùsová,Jan Franc,1
Zdeòka Kùsová,Jakub Komrska,1
Zdeòka Kùsová,Vlastimil Koreš,1
Zdeòka Kùsová,Jiøí Maroušek,1
Zdeòka Kùsová,Jana Mindlová,1
Zdeòka Kùsová,Jana Slepièková,1
Jan Lazar,František Beneš,1
Jan Lazar,Josef Frk,1
Jan Lazar,Jiøí Furbach,1
Jan Lazar,Miroslav Jeøábek,1
Jan Lazar,Vladimír Martínek,1
Jan Lazar,Václav Smíšek,1
Jan Lazar,Milan Smola,1
Jan Lazar,Alois Stanìk,1
Jiøí Liška,Josef Blahovec,1
Jiøí Liška,Karel Dolanský,1
Jiøí Liška,Marie Frnochová,1
Jiøí Liška,Silvie Havlátková,1
Jiøí Liška,Jaroslava Holeèková,1
Jiøí Liška,Petr Jirotka,1
Jiøí Liška,Dana Kolafová,1
Jiøí Liška,Petra Lusková,1
Jiøí Liška,Ludmila Maroušková,1
Jiøí Liška,Jaroslav Mráz 1,1
Jiøí Liška,Jiøí Mráz,1
Jiøí Liška,Petra Mrázová,1
Jiøí Liška,Miloslava Pravdová,1
Jiøí Liška,Helena Pøílepková,1
Jiøí Liška,Luboš Šrámek,1
Jiøí Liška,Vladimír Zatloukal,1
Jaromír Louda,Josef Blahovec,1
Jaromír Louda,Oldøich Hamtil,1
Jaromír Louda,Milada Kochtová,1
Jaromír Louda,Vlastimil Koreš,1
Jaromír Louda,Jana Lukešová,1
Jaromír Louda,Jana Slepièková,1
Jaromír Louda,Jan Stanìk,1
Jaromír Louda,Zdenìk Šleis,1
Jana Lukešová,Jana Dejmková,1
Jana Lukešová,Hubert Faber,1
Jana Lukešová,Oldøich Hamtil,1
Jana Lukešová,Milada Kochtová,1
Jana Lukešová,Vlastimil Koreš,1
Jana Lukešová,Jaromír Louda,1
Jana Lukešová,Jiøí Maroušek,1
Jana Lukešová,Jiøí Maršák,1
Jana Lukešová,Jiøí Pilný,1
Jana Lukešová,Jana Slepièková,1
Jana Lukešová,Zdenìk Šleis,1
Jana Lukešová,Marie Taliánová,1
Petr Lusk,Karel Dolanský,1
Petr Lusk,Václav Frnoch,1
Petr Lusk,Jaroslava Holeèková,1
Petr Lusk,Miroslav Kotous,1
Petr Lusk,Jiøí Krajánek,1
Petr Lusk,Jaroslav Mráz 1,1
Petr Lusk,Marcela Rolníková,1
Petr Lusk,Jarmila Vaòatová,1
Petra Lusková,Štìpán Hais,1
Petra Lusková,Jiøí Liška,1
Petra Lusková,Jaroslav Mráz 1,1
Petra Lusková,Jiøí Mráz,1
Petra Lusková,Lenka Mrázová,1
Petra Lusková,Petra Mrázová,1
Petra Lusková,Marcela Rolníková,1
Petra Lusková,Martina Šleisová,1
Petra Lusková,Václav Štìtina,1
Petra Lusková,Oto Švehla,1
Jiøí Maroušek,Dana Bednaøíková,1
Jiøí Maroušek,Jana Dejmková,1
Jiøí Maroušek,Hubert Faber,1
Jiøí Maroušek,Jan Franc,1
Jiøí Maroušek,Oldøich Hamtil,1
Jiøí Maroušek,Jakub Komrska,1
Jiøí Maroušek,Miroslav Kotous,1
Jiøí Maroušek,Jiøí Kováø,1
Jiøí Maroušek,Zdeòka Kùsová,1
Jiøí Maroušek,Jana Lukešová,1
Jiøí Maroušek,Jana Mindlová,1
Jiøí Maroušek,Jiøí Pilný,1
Jiøí Maroušek,Zdenìk Šleis,1
Jiøí Maroušek,Vladimír Zatloukal,1
Ludmila Maroušková,Václav Dejmek,1
Ludmila Maroušková,Iveta Frková,1
Ludmila Maroušková,Lenka Frnochová,1
Ludmila Maroušková,Jan Houzim,1
Ludmila Maroušková,Petr Jirotka,1
Ludmila Maroušková,Tomáš Kohlberger,1
Ludmila Maroušková,Jiøí Liška,1
Ludmila Maroušková,Jiøí Mráz,1
Ludmila Maroušková,Jaroslav Neužil,1
Ludmila Maroušková,Jiøí Tadeáš Pelech,1
Ludmila Maroušková,Hana Svítivá,1
Ludmila Maroušková,Jana Svítivá,1
Ludmila Maroušková,Luboš Šrámek,1
Ludmila Maroušková,Václav Štìtina,1
Jiøí Maršák,Josef Bednaøík,1
Jiøí Maršák,Jana Dejmková,1
Jiøí Maršák,Hubert Faber,1
Jiøí Maršák,Miroslav Kotous,1
Jiøí Maršák,Jiøí Kováø,1
Jiøí Maršák,Jana Lukešová,1
Jiøí Maršák,Jiøí Pilný,1
Jiøí Maršák,Jana Slepièková,1
Jiøí Maršák,Marie Taliánová,1
Jiøí Maršák,Vladimír Zatloukal,1
Vladimír Martínek,Ladislav Køíž,1
Vladimír Martínek,Jan Lazar,1
Vladimír Martínek,Gabriela Smolová,1
Vladimír Martínek,Alois Stanìk,1
Jana Mindlová,Josef Bednaøík,1
Jana Mindlová,Dana Bednaøíková,1
Jana Mindlová,Jan Franc,1
Jana Mindlová,Jakub Komrska,1
Jana Mindlová,Vlastimil Koreš,1
Jana Mindlová,Zdeòka Kùsová,1
Jana Mindlová,Jiøí Maroušek,1
Jana Mindlová,Jana Slepièková,1
Jana Mottlová,Jaroslava Brabcová,1
Jana Mottlová,Helena Èumrová,1
Jana Mottlová,Pavel Frnoch,1
Jana Mottlová,Renáta Fürbachová,1
Jana Mottlová,Hana Hošková,1
Jana Mottlová,Petra Hošková,1
Jana Mottlová,Zdena Houzimová,1
Jana Mottlová,Marie Jeøábková,1
Jana Mottlová,Jindøich Jindøich,1
Jana Mottlová,Jaroslav Mráz 2,1
Jana Mottlová,Jiøí Mráz,1
Jana Mottlová,Josef Narovec,1
Jana Mottlová,Silvie Pøílepková,1
Jana Mottlová,Irena Sládková,1
Jana Mottlová,Jana Svítivá,1
Jana Mottlová,Václav Štìtina,1
Jana Mottlová,Marek Švehla,1
Jaroslav Mráz 1,Jaroslav Frk,1
Jaroslav Mráz 1,Jiøí Krajánek,1
Jaroslav Mráz 1,František Kunc,1
Jaroslav Mráz 1,Jiøí Liška,1
Jaroslav Mráz 1,Petr Lusk,1
Jaroslav Mráz 1,Petra Lusková,1
Jaroslav Mráz 1,Petra Mrázová,1
Jaroslav Mráz 1,Helena Pøílepková,1
Jaroslav Mráz 1,Václav Štìtina,1
Jaroslav Mráz 2,Jaroslava Brabcová,1
Jaroslav Mráz 2,Helena Èumrová,1
Jaroslav Mráz 2,Pavel Frnoch,1
Jaroslav Mráz 2,Renáta Fürbachová,1
Jaroslav Mráz 2,Hana Hošková,1
Jaroslav Mráz 2,Petra Hošková,1
Jaroslav Mráz 2,Zdena Houzimová,1
Jaroslav Mráz 2,Marie Jeøábková,1
Jaroslav Mráz 2,Jindøich Jindøich,1
Jaroslav Mráz 2,Jana Mottlová,1
Jaroslav Mráz 2,Jiøí Mráz,1
Jaroslav Mráz 2,Josef Narovec,1
Jaroslav Mráz 2,Silvie Pøílepková,1
Jaroslav Mráz 2,Irena Sládková,1
Jaroslav Mráz 2,Jana Svítivá,1
Jaroslav Mráz 2,Václav Štìtina,1
Jaroslav Mráz 2,Marek Švehla,1
Jiøí Mráz,Jaroslava Brabcová,1
Jiøí Mráz,Helena Èumrová,1
Jiøí Mráz,Renáta Fürbachová,1
Jiøí Mráz,Štìpán Hais,1
Jiøí Mráz,Silvie Havlátková,1
Jiøí Mráz,Jaroslava Holeèková,1
Jiøí Mráz,Hana Hošková,1
Jiøí Mráz,Petra Hošková,1
Jiøí Mráz,Zdena Houzimová,1
Jiøí Mráz,Marie Jeøábková,1
Jiøí Mráz,Jindøich Jindøich,1
Jiøí Mráz,Jan Kolafa,1
Jiøí Mráz,Jiøí Krajánek,1
Jiøí Mráz,Jiøí Liška,1
Jiøí Mráz,Petra Lusková,1
Jiøí Mráz,Ludmila Maroušková,1
Jiøí Mráz,Jana Mottlová,1
Jiøí Mráz,Jaroslav Mráz 2,1
Jiøí Mráz,Lenka Mrázová,1
Jiøí Mráz,Helena Pøílepková,1
Jiøí Mráz,Irena Sládková,1
Jiøí Mráz,Martina Šleisová,1
Jiøí Mráz,Luboš Šrámek,1
Jiøí Mráz,Marek Švehla,1
Jiøí Mráz,Oto Švehla,1
Jiøí Mráz,Vladimír Zatloukal,1
Lenka Mrázová,Štìpán Hais,1
Lenka Mrázová,Jaroslava Holeèková,1
Lenka Mrázová,Petra Lusková,1
Lenka Mrázová,Jiøí Mráz,1
Lenka Mrázová,Helena Pøílepková,1
Lenka Mrázová,Jana Svítivá,1
Lenka Mrázová,Martina Šleisová,1
Lenka Mrázová,Oto Švehla,1
Petra Mrázová,Jaroslava Holeèková,1
Petra Mrázová,Jiøí Liška,1
Petra Mrázová,Petra Lusková,1
Petra Mrázová,Jaroslav Mráz 1,1
Petra Mrázová,Helena Pøílepková,1
Petra Mrázová,Marcela Rolníková,1
Petra Mrázová,Jana Svítivá,1
Petra Mrázová,Václav Štìtina,1
Josef Narovec,Jaroslava Brabcová,1
Josef Narovec,Helena Èumrová,1
Josef Narovec,Renáta Fürbachová,1
Josef Narovec,Hana Hošková,1
Josef Narovec,Petra Hošková,1
Josef Narovec,Jan Houzim,1
Josef Narovec,Zdena Houzimová,1
Josef Narovec,Marie Jeøábková,1
Josef Narovec,Jindøich Jindøich,1
Josef Narovec,Petr Jirotka,1
Josef Narovec,Jan Kolafa,1
Josef Narovec,Jiøí Krajánek,1
Josef Narovec,Jana Mottlová,1
Josef Narovec,Jaroslav Mráz 2,1
Josef Narovec,Irena Sládková,1
Josef Narovec,Jana Svítivá,1
Josef Narovec,Václav Štìtina,1
Josef Narovec,Marek Švehla,1
Josef Narovec,Vladimír Zatloukal,1
Jaroslav Neužil,Václav Dejmek,1
Jaroslav Neužil,Iveta Frková,1
Jaroslav Neužil,Lenka Frnochová,1
Jaroslav Neužil,Silvie Havlátková,1
Jaroslav Neužil,Tomáš Kohlberger,1
Jaroslav Neužil,Ludmila Maroušková,1
Jaroslav Neužil,Jiøí Tadeáš Pelech,1
Jaroslav Neužil,Hana Svítivá,1
Jiøí Tadeáš Pelech,Václav Dejmek,1
Jiøí Tadeáš Pelech,Iveta Frková,1
Jiøí Tadeáš Pelech,Lenka Frnochová,1
Jiøí Tadeáš Pelech,Silvie Havlátková,1
Jiøí Tadeáš Pelech,Tomáš Kohlberger,1
Jiøí Tadeáš Pelech,Ludmila Maroušková,1
Jiøí Tadeáš Pelech,Jaroslav Neužil,1
Jiøí Tadeáš Pelech,Hana Svítivá,1
Jiøí Pilný,Josef Blahovec,1
Jiøí Pilný,Jana Dejmková,1
Jiøí Pilný,Hubert Faber,1
Jiøí Pilný,Jana Lukešová,1
Jiøí Pilný,Jiøí Maroušek,1
Jiøí Pilný,Jiøí Maršák,1
Jiøí Pilný,Jan Stanìk,1
Jiøí Pilný,Marie Taliánová,1
Miloslava Pravdová,Josef Blahovec,1
Miloslava Pravdová,Karel Dolanský,1
Miloslava Pravdová,Marie Frnochová,1
Miloslava Pravdová,Jan Houzim,1
Miloslava Pravdová,Dana Kolafová,1
Miloslava Pravdová,Jiøí Liška,1
Miloslava Pravdová,Marcela Rolníková,1
Miloslava Pravdová,Vladimír Zatloukal,1
Helena Pøílepková,Štìpán Hais,1
Helena Pøílepková,Jiøí Liška,1
Helena Pøílepková,Jaroslav Mráz 1,1
Helena Pøílepková,Jiøí Mráz,1
Helena Pøílepková,Lenka Mrázová,1
Helena Pøílepková,Petra Mrázová,1
Helena Pøílepková,Marcela Rolníková,1
Helena Pøílepková,Martina Šleisová,1
Helena Pøílepková,Václav Štìtina,1
Helena Pøílepková,Oto Švehla,1
Silvie Pøílepková,Jaroslava Brabcová,1
Silvie Pøílepková,Helena Èumrová,1
Silvie Pøílepková,Renáta Fürbachová,1
Silvie Pøílepková,Hana Hošková,1
Silvie Pøílepková,Petra Hošková,1
Silvie Pøílepková,Jan Houzim,1
Silvie Pøílepková,Zdena Houzimová,1
Silvie Pøílepková,Marie Jeøábková,1
Silvie Pøílepková,Jindøich Jindøich,1
Silvie Pøílepková,Petr Jirotka,1
Silvie Pøílepková,Jan Kolafa,1
Silvie Pøílepková,Jiøí Krajánek,1
Silvie Pøílepková,Jana Mottlová,1
Silvie Pøílepková,Jaroslav Mráz 2,1
Silvie Pøílepková,Irena Sládková,1
Silvie Pøílepková,Jana Svítivá,1
Silvie Pøílepková,Václav Štìtina,1
Silvie Pøílepková,Marek Švehla,1
Silvie Pøílepková,Vladimír Zatloukal,1
Marcela Rolníková,Josef Blahovec,1
Marcela Rolníková,Jaroslav Frk,1
Marcela Rolníková,Marie Frnochová,1
Marcela Rolníková,Jan Houzim,1
Marcela Rolníková,Dana Kolafová,1
Marcela Rolníková,Jiøí Krajánek,1
Marcela Rolníková,František Kunc,1
Marcela Rolníková,Petr Lusk,1
Marcela Rolníková,Petra Lusková,1
Marcela Rolníková,Petra Mrázová,1
Marcela Rolníková,Miloslava Pravdová,1
Marcela Rolníková,Helena Pøílepková,1
Marcela Rolníková,Václav Štìtina,1
Marcela Rolníková,Vladimír Zatloukal,1
Irena Sládková,Kateøina Èumrová,1
Irena Sládková,Vìra Faberová,1
Irena Sládková,Pavel Frnoch,1
Irena Sládková,Jindøich Jindøich,1
Irena Sládková,Zdeòka Kotousová,1
Irena Sládková,Jana Mottlová,1
Irena Sládková,Jaroslav Mráz 2,1
Irena Sládková,Jiøí Mráz,1
Irena Sládková,Josef Narovec,1
Irena Sládková,Silvie Pøílepková,1
Irena Sládková,Yveta Sládková,1
Irena Sládková,Jana Smíšková,1
Irena Sládková,Jana Svítivá,1
Irena Sládková,Alena Škopková,1
Irena Sládková,Václav Štìtina,1
Irena Sládková,Marek Švehla,1
Irena Sládková,Gertruda Ungerová,1
Yveta Sládková,Jaroslava Brabcová,1
Yveta Sládková,Helena Èumrová,1
Yveta Sládková,Kateøina Èumrová,1
Yveta Sládková,Renáta Fürbachová,1
Yveta Sládková,Petra Hošková,1
Yveta Sládková,Zdeòka Kotousová,1
Yveta Sládková,Irena Sládková,1
Yveta Sládková,Jana Smíšková,1
Jana Slepièková,Dana Bednaøíková,1
Jana Slepièková,Jan Franc,1
Jana Slepièková,Milada Kochtová,1
Jana Slepièková,Jakub Komrska,1
Jana Slepièková,Miroslav Kotous,1
Jana Slepièková,Jiøí Kováø,1
Jana Slepièková,Zdeòka Kùsová,1
Jana Slepièková,Jaromír Louda,1
Jana Slepièková,Jana Lukešová,1
Jana Slepièková,Jiøí Maršák,1
Jana Slepièková,Jana Mindlová,1
Jana Slepièková,Marie Taliánová,1
Jana Slepièková,Vladimír Zatloukal,1
Václav Smíšek,Jindøich Hrabák,1
Václav Smíšek,Jan Lazar,1
Václav Smíšek,Gabriela Smolová,1
Jana Smíšková,Jaroslava Brabcová,1
Jana Smíšková,Helena Èumrová,1
Jana Smíšková,Kateøina Èumrová,1
Jana Smíšková,Renáta Fürbachová,1
Jana Smíšková,Petra Hošková,1
Jana Smíšková,Zdeòka Kotousová,1
Jana Smíšková,Irena Sládková,1
Jana Smíšková,Yveta Sládková,1
Milan Smola,Jindøich Hrabák,1
Milan Smola,Jan Lazar,1
Milan Smola,Gabriela Smolová,1
Gabriela Smolová,František Beneš,1
Gabriela Smolová,Josef Frk,1
Gabriela Smolová,Jiøí Furbach,1
Gabriela Smolová,Miroslav Jeøábek,1
Gabriela Smolová,Ladislav Køíž,1
Gabriela Smolová,Vladimír Martínek,1
Gabriela Smolová,Václav Smíšek,1
Gabriela Smolová,Milan Smola,1
Alois Stanìk,Jindøich Hrabák,1
Alois Stanìk,Ladislav Køíž,1
Alois Stanìk,Jan Lazar,1
Alois Stanìk,Vladimír Martínek,1
Jan Stanìk,Jana Dejmková,1
Jan Stanìk,Hubert Faber,1
Jan Stanìk,Milada Kochtová,1
Jan Stanìk,Miroslav Kotous,1
Jan Stanìk,Jiøí Kováø,1
Jan Stanìk,Jaromír Louda,1
Jan Stanìk,Jiøí Pilný,1
Jan Stanìk,Vladimír Zatloukal,1
Hana Svítivá,Václav Dejmek,1
Hana Svítivá,Iveta Frková,1
Hana Svítivá,Lenka Frnochová,1
Hana Svítivá,Silvie Havlátková,1
Hana Svítivá,Tomáš Kohlberger,1
Hana Svítivá,Ludmila Maroušková,1
Hana Svítivá,Jaroslav Neužil,1
Hana Svítivá,Jiøí Tadeáš Pelech,1
Jana Svítivá,Jaroslava Brabcová,1
Jana Svítivá,Helena Èumrová,1
Jana Svítivá,Karel Dolanský,1
Jana Svítivá,Jaroslav Frk,1
Jana Svítivá,Pavel Frnoch,1
Jana Svítivá,Václav Frnoch,1
Jana Svítivá,Renáta Fürbachová,1
Jana Svítivá,Štìpán Hais,1
Jana Svítivá,Silvie Havlátková,1
Jana Svítivá,Hana Hošková,1
Jana Svítivá,Petra Hošková,1
Jana Svítivá,Jan Houzim,1
Jana Svítivá,Zdena Houzimová,1
Jana Svítivá,Marie Jeøábková,1
Jana Svítivá,Jindøich Jindøich,1
Jana Svítivá,Petr Jirotka,1
Jana Svítivá,Miroslav Kotous,1
Jana Svítivá,František Kunc,1
Jana Svítivá,Ludmila Maroušková,1
Jana Svítivá,Jana Mottlová,1
Jana Svítivá,Jaroslav Mráz 2,1
Jana Svítivá,Lenka Mrázová,1
Jana Svítivá,Petra Mrázová,1
Jana Svítivá,Josef Narovec,1
Jana Svítivá,Silvie Pøílepková,1
Jana Svítivá,Irena Sládková,1
Jana Svítivá,Martina Šleisová,1
Jana Svítivá,Luboš Šrámek,1
Jana Svítivá,Marek Švehla,1
Jana Svítivá,Oto Švehla,1
Jana Svítivá,Jarmila Vaòatová,1
Alena Škopková,Helena Èumrová,1
Alena Škopková,Vìra Faberová,1
Alena Škopková,Hana Hošková,1
Alena Škopková,Petra Hošková,1
Alena Škopková,Zdena Houzimová,1
Alena Škopková,Marie Jeøábková,1
Alena Škopková,Irena Sládková,1
Alena Škopková,Gertruda Ungerová,1
Zdenìk Šleis,Josef Bednaøík,1
Zdenìk Šleis,Milada Kochtová,1
Zdenìk Šleis,Jaromír Louda,1
Zdenìk Šleis,Jana Lukešová,1
Zdenìk Šleis,Jiøí Maroušek,1
Zdenìk Šleis,Marie Taliánová,1
Martina Šleisová,Štìpán Hais,1
Martina Šleisová,Jaroslava Holeèková,1
Martina Šleisová,Petra Lusková,1
Martina Šleisová,Jiøí Mráz,1
Martina Šleisová,Lenka Mrázová,1
Martina Šleisová,Helena Pøílepková,1
Martina Šleisová,Jana Svítivá,1
Martina Šleisová,Oto Švehla,1
Luboš Šrámek,Silvie Havlátková,1
Luboš Šrámek,Jan Houzim,1
Luboš Šrámek,Petr Jirotka,1
Luboš Šrámek,Jiøí Liška,1
Luboš Šrámek,Ludmila Maroušková,1
Luboš Šrámek,Jiøí Mráz,1
Luboš Šrámek,Jana Svítivá,1
Luboš Šrámek,Václav Štìtina,1
Václav Štìtina,Jaroslava Brabcová,1
Václav Štìtina,Helena Èumrová,1
Václav Štìtina,Pavel Frnoch,1
Václav Štìtina,Renáta Fürbachová,1
Václav Štìtina,Silvie Havlátková,1
Václav Štìtina,Jaroslava Holeèková,1
Václav Štìtina,Hana Hošková,1
Václav Štìtina,Petra Hošková,1
Václav Štìtina,Jan Houzim,1
Václav Štìtina,Zdena Houzimová,1
Václav Štìtina,Marie Jeøábková,1
Václav Štìtina,Jindøich Jindøich,1
Václav Štìtina,Petr Jirotka,1
Václav Štìtina,Petra Lusková,1
Václav Štìtina,Ludmila Maroušková,1
Václav Štìtina,Jana Mottlová,1
Václav Štìtina,Jaroslav Mráz 1,1
Václav Štìtina,Jaroslav Mráz 2,1
Václav Štìtina,Petra Mrázová,1
Václav Štìtina,Josef Narovec,1
Václav Štìtina,Helena Pøílepková,1
Václav Štìtina,Silvie Pøílepková,1
Václav Štìtina,Marcela Rolníková,1
Václav Štìtina,Irena Sládková,1
Václav Štìtina,Luboš Šrámek,1
Václav Štìtina,Marek Švehla,1
Marek Švehla,Jaroslava Brabcová,1
Marek Švehla,Helena Èumrová,1
Marek Švehla,Pavel Frnoch,1
Marek Švehla,Renáta Fürbachová,1
Marek Švehla,Hana Hošková,1
Marek Švehla,Petra Hošková,1
Marek Švehla,Zdena Houzimová,1
Marek Švehla,Marie Jeøábková,1
Marek Švehla,Jindøich Jindøich,1
Marek Švehla,Jana Mottlová,1
Marek Švehla,Jaroslav Mráz 2,1
Marek Švehla,Jiøí Mráz,1
Marek Švehla,Josef Narovec,1
Marek Švehla,Silvie Pøílepková,1
Marek Švehla,Irena Sládková,1
Marek Švehla,Jana Svítivá,1
Marek Švehla,Václav Štìtina,1
Oto Švehla,Štìpán Hais,1
Oto Švehla,Jaroslava Holeèková,1
Oto Švehla,Petra Lusková,1
Oto Švehla,Jiøí Mráz,1
Oto Švehla,Lenka Mrázová,1
Oto Švehla,Helena Pøílepková,1
Oto Švehla,Jana Svítivá,1
Oto Švehla,Martina Šleisová,1
Marie Taliánová,Josef Bednaøík,1
Marie Taliánová,Jana Dejmková,1
Marie Taliánová,Hubert Faber,1
Marie Taliánová,Oldøich Hamtil,1
Marie Taliánová,Vlastimil Koreš,1
Marie Taliánová,Jana Lukešová,1
Marie Taliánová,Jiøí Maršák,1
Marie Taliánová,Jiøí Pilný,1
Marie Taliánová,Jana Slepièková,1
Marie Taliánová,Zdenìk Šleis,1
Gertruda Ungerová,Helena Èumrová,1
Gertruda Ungerová,Vìra Faberová,1
Gertruda Ungerová,Hana Hošková,1
Gertruda Ungerová,Petra Hošková,1
Gertruda Ungerová,Zdena Houzimová,1
Gertruda Ungerová,Marie Jeøábková,1
Gertruda Ungerová,Irena Sládková,1
Gertruda Ungerová,Alena Škopková,1
Jarmila Vaòatová,Jaroslav Frk,1
Jarmila Vaòatová,Jaroslava Holeèková,1
Jarmila Vaòatová,Jiøí Krajánek,1
Jarmila Vaòatová,František Kunc,1
Jarmila Vaòatová,Petr Lusk,1
Jarmila Vaòatová,Jana Svítivá,1
Vladimír Zatloukal,Josef Bednaøík,1
Vladimír Zatloukal,Karel Dolanský,1
Vladimír Zatloukal,Pavel Frnoch,1
Vladimír Zatloukal,Marie Frnochová,1
Vladimír Zatloukal,Petr Jirotka,1
Vladimír Zatloukal,Jan Kolafa,1
Vladimír Zatloukal,Dana Kolafová,1
Vladimír Zatloukal,Miroslav Kotous,1
Vladimír Zatloukal,Jiøí Kováø,1
Vladimír Zatloukal,Jiøí Krajánek,1
Vladimír Zatloukal,Jiøí Liška,1
Vladimír Zatloukal,Jiøí Maroušek,1
Vladimír Zatloukal,Jiøí Maršák,1
Vladimír Zatloukal,Jiøí Mráz,1
Vladimír Zatloukal,Josef Narovec,1
Vladimír Zatloukal,Miloslava Pravdová,1
Vladimír Zatloukal,Silvie Pøílepková,1
Vladimír Zatloukal,Marcela Rolníková,1
Vladimír Zatloukal,Jana Slepièková,1
Vladimír Zatloukal,Jan Stanìk,1
